order_id,merchant_id,timestamp,merchant_lat,merchant_lon,rider_lat,rider_lon,distance_km,is_gaming_simulated,base_kpt_min,hidden_load_index
ORD-10000,reliable_rest,2026-03-01 19:18,12.9716,77.5946,13.01084,77.62512,N/A,False,20,0.43
ORD-10001,spice_garden,2026-03-01 19:47,12.9718,77.5948,12.9726,77.59503,N/A,True,12,0.2
ORD-10002,reliable_rest,2026-03-01 19:55,12.9716,77.5946,13.00206,77.62179,N/A,False,20,0.18
ORD-10003,spice_garden,2026-03-01 19:33,12.9718,77.5948,12.97088,77.59557,N/A,True,12,0.86
ORD-10004,spice_garden,2026-03-01 19:13,12.9718,77.5948,12.97272,77.59555,N/A,True,12,0.22
ORD-10005,spice_garden,2026-03-01 19:41,12.9718,77.5948,12.97134,77.59538,N/A,True,22,0.14
ORD-10006,reliable_rest,2026-03-01 19:37,12.9716,77.5946,12.99573,77.61849,N/A,False,14,0.22
ORD-10007,reliable_rest,2026-03-01 19:38,12.9716,77.5946,13.01027,77.62721,N/A,False,14,0.23
ORD-10008,spice_garden,2026-03-01 19:53,12.9718,77.5948,12.97129,77.59407,N/A,True,20,0.51
ORD-10009,spice_garden,2026-03-01 19:25,12.9718,77.5948,12.97233,77.59467,N/A,True,15,0.34
ORD-10010,reliable_rest,2026-03-01 19:28,12.9716,77.5946,12.99389,77.63152,N/A,False,24,0.4
ORD-10011,reliable_rest,2026-03-01 19:47,12.9716,77.5946,12.98843,77.62257,N/A,False,24,0.85
ORD-10012,spice_garden,2026-03-01 19:14,12.9718,77.5948,12.97138,77.59397,N/A,True,25,0.85
ORD-10013,reliable_rest,2026-03-01 19:42,12.9716,77.5946,12.98758,77.62049,N/A,False,19,0.43
ORD-10014,reliable_rest,2026-03-01 19:33,12.9716,77.5946,13.00267,77.60593,N/A,False,24,0.29
ORD-10015,spice_garden,2026-03-01 19:17,12.9718,77.5948,13.01057,77.62311,N/A,False,14,0.33
ORD-10016,reliable_rest,2026-03-01 19:30,12.9716,77.5946,12.99853,77.61792,N/A,False,19,0.2
ORD-10017,reliable_rest,2026-03-01 19:14,12.9716,77.5946,12.98909,77.62636,N/A,False,19,0.22
ORD-10018,spice_garden,2026-03-01 19:14,12.9718,77.5948,12.97267,77.5951,N/A,True,25,0.27
ORD-10019,spice_garden,2026-03-01 19:24,12.9718,77.5948,12.97144,77.59493,N/A,True,15,0.48
ORD-10020,reliable_rest,2026-03-01 19:37,12.9716,77.5946,12.99971,77.63192,N/A,False,14,0.29
ORD-10021,reliable_rest,2026-03-01 19:31,12.9716,77.5946,12.98967,77.63337,N/A,False,25,0.14
ORD-10022,reliable_rest,2026-03-01 19:54,12.9716,77.5946,12.99068,77.61016,N/A,False,18,0.57
ORD-10023,spice_garden,2026-03-01 19:30,12.9718,77.5948,12.97127,77.59483,N/A,True,23,0.13
ORD-10024,spice_garden,2026-03-01 19:56,12.9718,77.5948,12.97251,77.59433,N/A,True,12,0.65
ORD-10025,reliable_rest,2026-03-01 19:44,12.9716,77.5946,12.99473,77.62701,N/A,False,17,0.7
ORD-10026,spice_garden,2026-03-01 19:51,12.9718,77.5948,12.97272,77.59533,N/A,True,15,0.53
ORD-10027,reliable_rest,2026-03-01 19:21,12.9716,77.5946,12.99907,77.62313,N/A,False,13,0.83
ORD-10028,spice_garden,2026-03-01 19:29,12.9718,77.5948,12.97144,77.59401,N/A,True,15,0.56
ORD-10029,reliable_rest,2026-03-01 19:28,12.9716,77.5946,13.0056,77.61653,N/A,False,24,0.83
ORD-10030,reliable_rest,2026-03-01 19:56,12.9716,77.5946,12.99858,77.63309,N/A,False,17,0.85
ORD-10031,reliable_rest,2026-03-01 19:42,12.9716,77.5946,13.00806,77.63286,N/A,False,13,0.89
ORD-10032,spice_garden,2026-03-01 19:41,12.9718,77.5948,12.97185,77.59436,N/A,True,20,0.72
ORD-10033,spice_garden,2026-03-01 19:43,12.9718,77.5948,12.97267,77.59384,N/A,True,13,0.67
ORD-10034,reliable_rest,2026-03-01 19:52,12.9716,77.5946,12.99831,77.6135,N/A,False,18,0.71
ORD-10035,spice_garden,2026-03-01 19:47,12.9718,77.5948,12.97163,77.5945,N/A,True,24,0.33
ORD-10036,reliable_rest,2026-03-01 19:27,12.9716,77.5946,12.99502,77.62028,N/A,False,19,0.15
ORD-10037,spice_garden,2026-03-01 19:59,12.9718,77.5948,12.97202,77.59531,N/A,True,20,0.78
ORD-10038,reliable_rest,2026-03-01 19:39,12.9716,77.5946,12.99533,77.62712,N/A,False,15,0.71
ORD-10039,reliable_rest,2026-03-01 19:59,12.9716,77.5946,13.00993,77.60908,N/A,False,18,0.82
ORD-10040,reliable_rest,2026-03-01 19:56,12.9716,77.5946,13.01024,77.62494,N/A,False,20,0.45
ORD-10041,reliable_rest,2026-03-01 19:52,12.9716,77.5946,13.00283,77.6112,N/A,False,12,0.18
ORD-10042,reliable_rest,2026-03-01 19:31,12.9716,77.5946,12.98874,77.61934,N/A,False,20,0.34
ORD-10043,spice_garden,2026-03-01 19:43,12.9718,77.5948,12.97216,77.59515,N/A,True,20,0.66
ORD-10044,reliable_rest,2026-03-01 19:16,12.9716,77.5946,13.01128,77.61535,N/A,False,16,0.74
ORD-10045,spice_garden,2026-03-01 19:45,12.9718,77.5948,12.97197,77.59569,N/A,True,18,0.71
ORD-10046,reliable_rest,2026-03-01 19:24,12.9716,77.5946,13.00798,77.60474,N/A,False,18,0.18
ORD-10047,reliable_rest,2026-03-01 19:49,12.9716,77.5946,12.98274,77.62406,N/A,False,23,0.46
ORD-10048,spice_garden,2026-03-01 19:50,12.9718,77.5948,12.97156,77.595,N/A,True,18,0.32
ORD-10049,reliable_rest,2026-03-01 19:22,12.9716,77.5946,12.98682,77.63235,N/A,False,25,0.4
ORD-10050,spice_garden,2026-03-01 19:47,12.9718,77.5948,12.97211,77.5957,N/A,True,25,0.84
ORD-10051,spice_garden,2026-03-01 19:37,12.9718,77.5948,12.97162,77.59487,N/A,True,20,0.38
ORD-10052,reliable_rest,2026-03-01 19:58,12.9716,77.5946,12.99158,77.60788,N/A,False,14,0.51
ORD-10053,reliable_rest,2026-03-01 19:40,12.9716,77.5946,12.98872,77.61664,N/A,False,18,0.38
ORD-10054,spice_garden,2026-03-01 19:13,12.9718,77.5948,12.97128,77.59532,N/A,True,22,0.1
ORD-10055,reliable_rest,2026-03-01 19:39,12.9716,77.5946,12.98456,77.61815,N/A,False,25,0.5
ORD-10056,reliable_rest,2026-03-01 19:24,12.9716,77.5946,12.98259,77.62428,N/A,False,16,0.7
ORD-10057,spice_garden,2026-03-01 19:12,12.9718,77.5948,12.9726,77.59475,N/A,True,21,0.6
ORD-10058,spice_garden,2026-03-01 19:53,12.9718,77.5948,12.97249,77.59444,N/A,True,25,0.77
ORD-10059,reliable_rest,2026-03-01 19:55,12.9716,77.5946,13.00414,77.60867,N/A,False,24,0.6
ORD-10060,reliable_rest,2026-03-01 19:56,12.9716,77.5946,12.97187,77.59499,N/A,True,17,0.8
ORD-10061,reliable_rest,2026-03-01 19:49,12.9716,77.5946,13.01078,77.62777,N/A,False,14,0.6
ORD-10062,spice_garden,2026-03-01 19:37,12.9718,77.5948,12.97268,77.59514,N/A,True,25,0.19
ORD-10063,reliable_rest,2026-03-01 19:20,12.9716,77.5946,13.00606,77.6161,N/A,False,23,0.74
ORD-10064,reliable_rest,2026-03-01 19:48,12.9716,77.5946,12.99482,77.61535,N/A,False,22,0.22
ORD-10065,spice_garden,2026-03-01 19:20,12.9718,77.5948,12.97178,77.59553,N/A,True,23,0.82
ORD-10066,spice_garden,2026-03-01 19:53,12.9718,77.5948,12.97169,77.59489,N/A,True,19,0.58
ORD-10067,spice_garden,2026-03-01 19:14,12.9718,77.5948,12.97153,77.59537,N/A,True,25,0.22
ORD-10068,spice_garden,2026-03-01 19:52,12.9718,77.5948,12.97247,77.59458,N/A,True,24,0.17
ORD-10069,reliable_rest,2026-03-01 19:18,12.9716,77.5946,12.99539,77.60876,N/A,False,19,0.27
ORD-10070,reliable_rest,2026-03-01 19:26,12.9716,77.5946,12.99946,77.63196,N/A,False,22,0.7
ORD-10071,reliable_rest,2026-03-01 19:52,12.9716,77.5946,13.00359,77.60461,N/A,False,20,0.69
ORD-10072,spice_garden,2026-03-01 19:51,12.9718,77.5948,12.97223,77.5938,N/A,True,17,0.86
ORD-10073,reliable_rest,2026-03-01 19:38,12.9716,77.5946,12.9966,77.6131,N/A,False,13,0.57
ORD-10074,spice_garden,2026-03-01 19:25,12.9718,77.5948,12.97247,77.5949,N/A,True,25,0.78
ORD-10075,spice_garden,2026-03-01 19:54,12.9718,77.5948,12.97222,77.59425,N/A,True,24,0.56
ORD-10076,spice_garden,2026-03-01 19:33,12.9718,77.5948,12.97094,77.59546,N/A,True,19,0.48
ORD-10077,reliable_rest,2026-03-01 19:33,12.9716,77.5946,13.00006,77.63089,N/A,False,19,0.62
ORD-10078,spice_garden,2026-03-01 19:42,12.9718,77.5948,12.97191,77.59462,N/A,True,20,0.52
ORD-10079,reliable_rest,2026-03-01 19:54,12.9716,77.5946,13.00466,77.61923,N/A,False,22,0.72
ORD-10080,reliable_rest,2026-03-01 19:28,12.9716,77.5946,12.98798,77.60955,N/A,False,20,0.87
ORD-10081,spice_garden,2026-03-01 19:41,12.9718,77.5948,12.99069,77.63369,N/A,False,17,0.29
ORD-10082,spice_garden,2026-03-01 19:26,12.9718,77.5948,12.98195,77.61421,N/A,False,23,0.69
ORD-10083,spice_garden,2026-03-01 19:40,12.9718,77.5948,12.97265,77.59453,N/A,True,19,0.7
ORD-10084,spice_garden,2026-03-01 19:45,12.9718,77.5948,12.9724,77.59478,N/A,True,16,0.44
ORD-10085,reliable_rest,2026-03-01 19:56,12.9716,77.5946,12.9842,77.62184,N/A,False,16,0.19
ORD-10086,reliable_rest,2026-03-01 19:31,12.9716,77.5946,13.00997,77.60786,N/A,False,22,0.76
ORD-10087,reliable_rest,2026-03-01 19:39,12.9716,77.5946,13.00553,77.62496,N/A,False,17,0.51
ORD-10088,spice_garden,2026-03-01 19:41,12.9718,77.5948,12.97118,77.59443,N/A,True,25,0.71
ORD-10089,spice_garden,2026-03-01 19:49,12.9718,77.5948,12.97243,77.59501,N/A,True,18,0.42
ORD-10090,spice_garden,2026-03-01 19:17,12.9718,77.5948,12.97264,77.59403,N/A,True,19,0.78
ORD-10091,reliable_rest,2026-03-01 19:57,12.9716,77.5946,12.98882,77.62545,N/A,False,15,0.67
ORD-10092,reliable_rest,2026-03-01 19:14,12.9716,77.5946,12.98173,77.63446,N/A,False,25,0.36
ORD-10093,spice_garden,2026-03-01 19:38,12.9718,77.5948,12.9848,77.60572,N/A,False,19,0.1
ORD-10094,spice_garden,2026-03-01 19:35,12.9718,77.5948,12.9721,77.59522,N/A,True,20,0.42
ORD-10095,spice_garden,2026-03-01 19:44,12.9718,77.5948,12.97145,77.59443,N/A,True,25,0.2
ORD-10096,spice_garden,2026-03-01 19:18,12.9718,77.5948,12.97269,77.59403,N/A,True,14,0.74
ORD-10097,reliable_rest,2026-03-01 19:57,12.9716,77.5946,13.00705,77.63308,N/A,False,13,0.76
ORD-10098,reliable_rest,2026-03-01 19:31,12.9716,77.5946,13.01052,77.60554,N/A,False,13,0.82
ORD-10099,spice_garden,2026-03-01 19:27,12.9718,77.5948,12.97114,77.5939,N/A,True,18,0.17
ORD-10100,reliable_rest,2026-03-01 19:35,12.9716,77.5946,13.00002,77.63039,N/A,False,24,0.8
ORD-10101,reliable_rest,2026-03-01 19:26,12.9716,77.5946,12.99007,77.60601,N/A,False,21,0.25
ORD-10102,spice_garden,2026-03-01 19:41,12.9718,77.5948,12.97209,77.59473,N/A,True,24,0.8
ORD-10103,spice_garden,2026-03-01 19:26,12.9718,77.5948,12.97234,77.59391,N/A,True,17,0.38
ORD-10104,spice_garden,2026-03-01 19:50,12.9718,77.5948,12.97159,77.59418,N/A,True,18,0.53
ORD-10105,spice_garden,2026-03-01 19:42,12.9718,77.5948,12.9722,77.59566,N/A,True,20,0.43
ORD-10106,reliable_rest,2026-03-01 19:58,12.9716,77.5946,13.00115,77.60525,N/A,False,21,0.42
ORD-10107,spice_garden,2026-03-01 19:58,12.9718,77.5948,12.97239,77.59428,N/A,True,21,0.5
ORD-10108,spice_garden,2026-03-01 19:22,12.9718,77.5948,12.98237,77.61904,N/A,False,24,0.81
ORD-10109,spice_garden,2026-03-01 19:34,12.9718,77.5948,12.9728,77.59405,N/A,True,19,0.19
ORD-10110,reliable_rest,2026-03-01 19:29,12.9716,77.5946,13.00731,77.61687,N/A,False,22,0.34
ORD-10111,reliable_rest,2026-03-01 19:49,12.9716,77.5946,12.9717,77.59379,N/A,True,14,0.69
ORD-10112,spice_garden,2026-03-01 19:39,12.9718,77.5948,12.99159,77.60614,N/A,False,15,0.76
ORD-10113,spice_garden,2026-03-01 19:16,12.9718,77.5948,12.97176,77.59516,N/A,True,23,0.72
ORD-10114,reliable_rest,2026-03-01 19:13,12.9716,77.5946,13.00986,77.63316,N/A,False,22,0.41
ORD-10115,spice_garden,2026-03-01 19:58,12.9718,77.5948,12.97175,77.59528,N/A,True,14,0.26
ORD-10116,reliable_rest,2026-03-01 19:38,12.9716,77.5946,12.99307,77.62214,N/A,False,15,0.26
ORD-10117,reliable_rest,2026-03-01 19:45,12.9716,77.5946,12.99003,77.61966,N/A,False,16,0.74
ORD-10118,reliable_rest,2026-03-01 19:44,12.9716,77.5946,12.99404,77.6276,N/A,False,14,0.57
ORD-10119,reliable_rest,2026-03-01 19:25,12.9716,77.5946,12.99157,77.60996,N/A,False,19,0.23
ORD-10120,reliable_rest,2026-03-01 19:30,12.9716,77.5946,12.99486,77.61799,N/A,False,25,0.88
ORD-10121,spice_garden,2026-03-01 19:54,12.9718,77.5948,12.97159,77.59456,N/A,True,16,0.46
ORD-10122,spice_garden,2026-03-01 19:43,12.9718,77.5948,12.97203,77.59453,N/A,True,25,0.11
ORD-10123,spice_garden,2026-03-01 19:28,12.9718,77.5948,12.97086,77.59503,N/A,True,17,0.19
ORD-10124,spice_garden,2026-03-01 19:28,12.9718,77.5948,12.97161,77.59491,N/A,True,13,0.5
ORD-10125,spice_garden,2026-03-01 19:52,12.9718,77.5948,12.97237,77.59387,N/A,True,25,0.23
ORD-10126,spice_garden,2026-03-01 19:38,12.9718,77.5948,12.97261,77.59395,N/A,True,18,0.37
ORD-10127,reliable_rest,2026-03-01 19:32,12.9716,77.5946,12.97166,77.59542,N/A,True,20,0.62
ORD-10128,reliable_rest,2026-03-01 19:23,12.9716,77.5946,12.9953,77.61088,N/A,False,12,0.77
ORD-10129,spice_garden,2026-03-01 19:28,12.9718,77.5948,12.97163,77.59383,N/A,True,22,0.46
ORD-10130,spice_garden,2026-03-01 19:48,12.9718,77.5948,12.9725,77.59471,N/A,True,19,0.35
ORD-10131,spice_garden,2026-03-01 19:59,12.9718,77.5948,12.97239,77.59408,N/A,True,23,0.34
ORD-10132,spice_garden,2026-03-01 19:38,12.9718,77.5948,12.97257,77.59391,N/A,True,25,0.72
ORD-10133,reliable_rest,2026-03-01 19:53,12.9716,77.5946,12.99731,77.60726,N/A,False,12,0.59
ORD-10134,reliable_rest,2026-03-01 19:15,12.9716,77.5946,13.00057,77.61069,N/A,False,22,0.89
ORD-10135,spice_garden,2026-03-01 19:21,12.9718,77.5948,13.00919,77.61235,N/A,False,16,0.59
ORD-10136,reliable_rest,2026-03-01 19:48,12.9716,77.5946,12.99312,77.62603,N/A,False,16,0.43
ORD-10137,spice_garden,2026-03-01 19:13,12.9718,77.5948,12.97086,77.594,N/A,True,20,0.13
ORD-10138,reliable_rest,2026-03-01 19:46,12.9716,77.5946,13.00019,77.60466,N/A,False,18,0.5
ORD-10139,spice_garden,2026-03-01 19:28,12.9718,77.5948,12.97204,77.59568,N/A,True,20,0.41
ORD-10140,reliable_rest,2026-03-01 19:45,12.9716,77.5946,12.98238,77.62576,N/A,False,14,0.75
ORD-10141,reliable_rest,2026-03-01 19:59,12.9716,77.5946,12.99459,77.62696,N/A,False,23,0.23
ORD-10142,spice_garden,2026-03-01 19:59,12.9718,77.5948,12.97158,77.59527,N/A,True,24,0.23
ORD-10143,spice_garden,2026-03-01 19:31,12.9718,77.5948,12.9723,77.59481,N/A,True,23,0.82
ORD-10144,spice_garden,2026-03-01 19:31,12.9718,77.5948,12.97232,77.59577,N/A,True,22,0.18
ORD-10145,spice_garden,2026-03-01 19:22,12.9718,77.5948,13.00588,77.61418,N/A,False,19,0.29
ORD-10146,reliable_rest,2026-03-01 19:14,12.9716,77.5946,12.98742,77.62879,N/A,False,13,0.43
ORD-10147,reliable_rest,2026-03-01 19:50,12.9716,77.5946,12.97175,77.59418,N/A,True,23,0.52
ORD-10148,spice_garden,2026-03-01 19:47,12.9718,77.5948,12.97262,77.59535,N/A,True,16,0.6
ORD-10149,reliable_rest,2026-03-01 19:39,12.9716,77.5946,12.985,77.63211,N/A,False,21,0.48
ORD-10150,reliable_rest,2026-03-01 19:39,12.9716,77.5946,12.99333,77.62318,N/A,False,12,0.31
ORD-10151,spice_garden,2026-03-01 19:30,12.9718,77.5948,12.97255,77.59575,N/A,True,13,0.37
ORD-10152,reliable_rest,2026-03-01 19:20,12.9716,77.5946,12.98816,77.63255,N/A,False,20,0.41
ORD-10153,spice_garden,2026-03-01 19:19,12.9718,77.5948,12.9715,77.59479,N/A,True,20,0.6
ORD-10154,reliable_rest,2026-03-01 19:23,12.9716,77.5946,13.00269,77.62814,N/A,False,25,0.66
ORD-10155,spice_garden,2026-03-01 19:35,12.9718,77.5948,12.97147,77.59495,N/A,True,12,0.74
ORD-10156,reliable_rest,2026-03-01 19:27,12.9716,77.5946,12.99349,77.61268,N/A,False,25,0.36
ORD-10157,reliable_rest,2026-03-01 19:36,12.9716,77.5946,12.99188,77.61749,N/A,False,20,0.23
ORD-10158,reliable_rest,2026-03-01 19:38,12.9716,77.5946,12.97117,77.59428,N/A,True,22,0.26
ORD-10159,reliable_rest,2026-03-01 19:15,12.9716,77.5946,12.98546,77.634,N/A,False,22,0.4
ORD-10160,spice_garden,2026-03-01 19:29,12.9718,77.5948,12.97255,77.59477,N/A,True,22,0.2
ORD-10161,spice_garden,2026-03-01 19:57,12.9718,77.5948,12.97159,77.59407,N/A,True,19,0.17
ORD-10162,reliable_rest,2026-03-01 19:28,12.9716,77.5946,12.99967,77.61699,N/A,False,15,0.27
ORD-10163,spice_garden,2026-03-01 19:42,12.9718,77.5948,12.97211,77.59523,N/A,True,17,0.63
ORD-10164,spice_garden,2026-03-01 19:50,12.9718,77.5948,12.97138,77.59561,N/A,True,15,0.88
ORD-10165,reliable_rest,2026-03-01 19:32,12.9716,77.5946,13.00209,77.60665,N/A,False,17,0.3
ORD-10166,reliable_rest,2026-03-01 19:22,12.9716,77.5946,12.99215,77.6283,N/A,False,17,0.69
ORD-10167,spice_garden,2026-03-01 19:39,12.9718,77.5948,12.97111,77.59476,N/A,True,14,0.14
ORD-10168,reliable_rest,2026-03-01 19:43,12.9716,77.5946,12.98978,77.6089,N/A,False,14,0.88
ORD-10169,spice_garden,2026-03-01 19:21,12.9718,77.5948,12.97244,77.59395,N/A,True,24,0.47
ORD-10170,reliable_rest,2026-03-01 19:27,12.9716,77.5946,12.99973,77.62139,N/A,False,18,0.63
ORD-10171,spice_garden,2026-03-01 19:12,12.9718,77.5948,12.97241,77.59541,N/A,True,23,0.43
ORD-10172,reliable_rest,2026-03-01 19:40,12.9716,77.5946,12.97207,77.59457,N/A,True,21,0.43
ORD-10173,reliable_rest,2026-03-01 19:10,12.9716,77.5946,12.99831,77.60473,N/A,False,13,0.4
ORD-10174,spice_garden,2026-03-01 19:52,12.9718,77.5948,12.97184,77.59432,N/A,True,24,0.34
ORD-10175,spice_garden,2026-03-01 19:32,12.9718,77.5948,12.97198,77.59455,N/A,True,18,0.45
ORD-10176,reliable_rest,2026-03-01 19:18,12.9716,77.5946,12.98289,77.60653,N/A,False,25,0.56
ORD-10177,reliable_rest,2026-03-01 19:19,12.9716,77.5946,12.99833,77.63001,N/A,False,21,0.64
ORD-10178,spice_garden,2026-03-01 19:31,12.9718,77.5948,12.9723,77.59569,N/A,True,17,0.26
ORD-10179,spice_garden,2026-03-01 19:27,12.9718,77.5948,12.9722,77.59521,N/A,True,20,0.74
ORD-10180,spice_garden,2026-03-01 19:23,12.9718,77.5948,12.99091,77.61233,N/A,False,22,0.25
ORD-10181,spice_garden,2026-03-01 19:57,12.9718,77.5948,12.97121,77.59522,N/A,True,14,0.65
ORD-10182,reliable_rest,2026-03-01 19:14,12.9716,77.5946,12.9917,77.61993,N/A,False,19,0.37
ORD-10183,reliable_rest,2026-03-01 19:41,12.9716,77.5946,12.994,77.62228,N/A,False,21,0.52
ORD-10184,reliable_rest,2026-03-01 19:14,12.9716,77.5946,13.00858,77.60957,N/A,False,24,0.36
ORD-10185,reliable_rest,2026-03-01 19:50,12.9716,77.5946,12.98955,77.63379,N/A,False,14,0.5
ORD-10186,reliable_rest,2026-03-01 19:36,12.9716,77.5946,12.98496,77.62167,N/A,False,23,0.2
ORD-10187,reliable_rest,2026-03-01 19:13,12.9716,77.5946,12.98352,77.61312,N/A,False,14,0.29
ORD-10188,spice_garden,2026-03-01 19:49,12.9718,77.5948,12.97129,77.59556,N/A,True,17,0.1
ORD-10189,spice_garden,2026-03-01 19:23,12.9718,77.5948,12.97115,77.59577,N/A,True,17,0.83
ORD-10190,spice_garden,2026-03-01 19:44,12.9718,77.5948,12.97222,77.59398,N/A,True,20,0.14
ORD-10191,spice_garden,2026-03-01 19:20,12.9718,77.5948,12.97237,77.59546,N/A,True,22,0.37
ORD-10192,reliable_rest,2026-03-01 19:47,12.9716,77.5946,12.99716,77.617,N/A,False,14,0.61
ORD-10193,reliable_rest,2026-03-01 19:40,12.9716,77.5946,12.99074,77.62233,N/A,False,23,0.22
ORD-10194,spice_garden,2026-03-01 19:51,12.9718,77.5948,12.97109,77.59389,N/A,True,15,0.83
ORD-10195,spice_garden,2026-03-01 19:10,12.9718,77.5948,12.97119,77.59569,N/A,True,23,0.27
ORD-10196,spice_garden,2026-03-01 19:30,12.9718,77.5948,12.97084,77.59382,N/A,True,13,0.74
ORD-10197,reliable_rest,2026-03-01 19:39,12.9716,77.5946,12.98563,77.60895,N/A,False,24,0.88
ORD-10198,spice_garden,2026-03-01 19:54,12.9718,77.5948,12.97276,77.59541,N/A,True,12,0.42
ORD-10199,reliable_rest,2026-03-01 19:11,12.9716,77.5946,13.01094,77.63339,N/A,False,22,0.72
ORD-10200,reliable_rest,2026-03-01 19:43,12.9716,77.5946,12.98608,77.60773,N/A,False,18,0.69
ORD-10201,reliable_rest,2026-03-01 19:20,12.9716,77.5946,13.00094,77.60739,N/A,False,15,0.75
ORD-10202,spice_garden,2026-03-01 19:27,12.9718,77.5948,12.97174,77.59435,N/A,True,20,0.8
ORD-10203,spice_garden,2026-03-01 19:35,12.9718,77.5948,12.97183,77.59393,N/A,True,23,0.51
ORD-10204,spice_garden,2026-03-01 19:49,12.9718,77.5948,12.97172,77.59528,N/A,True,19,0.25
ORD-10205,spice_garden,2026-03-01 19:21,12.9718,77.5948,12.97129,77.59435,N/A,True,17,0.62
ORD-10206,reliable_rest,2026-03-01 19:29,12.9716,77.5946,13.00053,77.61937,N/A,False,17,0.4
ORD-10207,reliable_rest,2026-03-01 19:51,12.9716,77.5946,12.99921,77.61915,N/A,False,15,0.88
ORD-10208,spice_garden,2026-03-01 19:54,12.9718,77.5948,12.99249,77.61005,N/A,False,23,0.31
ORD-10209,reliable_rest,2026-03-01 19:12,12.9716,77.5946,13.0071,77.62405,N/A,False,24,0.75
ORD-10210,reliable_rest,2026-03-01 19:11,12.9716,77.5946,12.98583,77.62534,N/A,False,19,0.73
ORD-10211,reliable_rest,2026-03-01 19:37,12.9716,77.5946,13.00546,77.63378,N/A,False,21,0.52
ORD-10212,reliable_rest,2026-03-01 19:16,12.9716,77.5946,12.9715,77.59436,N/A,True,19,0.63
ORD-10213,reliable_rest,2026-03-01 19:39,12.9716,77.5946,12.9908,77.62938,N/A,False,16,0.67
ORD-10214,reliable_rest,2026-03-01 19:50,12.9716,77.5946,12.98211,77.62954,N/A,False,22,0.7
ORD-10215,reliable_rest,2026-03-01 19:42,12.9716,77.5946,12.99916,77.60808,N/A,False,24,0.3
ORD-10216,reliable_rest,2026-03-01 19:43,12.9716,77.5946,12.98449,77.60988,N/A,False,24,0.39
ORD-10217,spice_garden,2026-03-01 19:53,12.9718,77.5948,12.97215,77.59579,N/A,True,23,0.73
ORD-10218,reliable_rest,2026-03-01 19:56,12.9716,77.5946,12.97074,77.59513,N/A,True,22,0.73
ORD-10219,spice_garden,2026-03-01 19:20,12.9718,77.5948,12.97217,77.59525,N/A,True,17,0.6
ORD-10220,reliable_rest,2026-03-01 19:21,12.9716,77.5946,13.00402,77.61282,N/A,False,23,0.7
ORD-10221,spice_garden,2026-03-01 19:48,12.9718,77.5948,12.97243,77.59404,N/A,True,21,0.74
ORD-10222,spice_garden,2026-03-01 19:17,12.9718,77.5948,13.0009,77.63053,N/A,False,16,0.89
ORD-10223,reliable_rest,2026-03-01 19:49,12.9716,77.5946,12.99905,77.63366,N/A,False,24,0.33
ORD-10224,spice_garden,2026-03-01 19:35,12.9718,77.5948,12.97242,77.59483,N/A,True,25,0.83
ORD-10225,spice_garden,2026-03-01 19:21,12.9718,77.5948,12.99944,77.61304,N/A,False,15,0.62
ORD-10226,spice_garden,2026-03-01 19:18,12.9718,77.5948,13.00827,77.61324,N/A,False,20,0.24
ORD-10227,spice_garden,2026-03-01 19:20,12.9718,77.5948,12.97239,77.59436,N/A,True,24,0.27
ORD-10228,spice_garden,2026-03-01 19:53,12.9718,77.5948,12.97178,77.59522,N/A,True,15,0.11
ORD-10229,reliable_rest,2026-03-01 19:59,12.9716,77.5946,13.00286,77.61242,N/A,False,15,0.72
ORD-10230,reliable_rest,2026-03-01 19:31,12.9716,77.5946,12.98394,77.61358,N/A,False,13,0.28
ORD-10231,spice_garden,2026-03-01 19:13,12.9718,77.5948,12.97223,77.59512,N/A,True,18,0.25
ORD-10232,spice_garden,2026-03-01 19:14,12.9718,77.5948,12.97123,77.5953,N/A,True,16,0.17
ORD-10233,reliable_rest,2026-03-01 19:49,12.9716,77.5946,13.00529,77.6109,N/A,False,16,0.8
ORD-10234,reliable_rest,2026-03-01 19:55,12.9716,77.5946,12.98779,77.6137,N/A,False,15,0.18
ORD-10235,reliable_rest,2026-03-01 19:26,12.9716,77.5946,12.98801,77.63172,N/A,False,16,0.23
ORD-10236,reliable_rest,2026-03-01 19:27,12.9716,77.5946,13.00014,77.62754,N/A,False,13,0.62
ORD-10237,spice_garden,2026-03-01 19:25,12.9718,77.5948,12.972,77.59529,N/A,True,19,0.16
ORD-10238,reliable_rest,2026-03-01 19:28,12.9716,77.5946,13.00934,77.62618,N/A,False,23,0.24
ORD-10239,reliable_rest,2026-03-01 19:12,12.9716,77.5946,13.01073,77.63286,N/A,False,25,0.26
ORD-10240,reliable_rest,2026-03-01 19:50,12.9716,77.5946,12.98405,77.62124,N/A,False,21,0.3
ORD-10241,spice_garden,2026-03-01 19:47,12.9718,77.5948,12.97119,77.59423,N/A,True,17,0.51
ORD-10242,spice_garden,2026-03-01 19:53,12.9718,77.5948,12.97093,77.59386,N/A,True,25,0.12
ORD-10243,spice_garden,2026-03-01 19:24,12.9718,77.5948,12.97148,77.59459,N/A,True,22,0.44
ORD-10244,reliable_rest,2026-03-01 19:40,12.9716,77.5946,13.00416,77.62526,N/A,False,21,0.75
ORD-10245,reliable_rest,2026-03-01 19:37,12.9716,77.5946,12.98202,77.62147,N/A,False,16,0.27
ORD-10246,reliable_rest,2026-03-01 19:40,12.9716,77.5946,13.00941,77.60886,N/A,False,19,0.78
ORD-10247,spice_garden,2026-03-01 19:47,12.9718,77.5948,12.97279,77.59524,N/A,True,18,0.35
ORD-10248,reliable_rest,2026-03-01 19:28,12.9716,77.5946,13.00458,77.61561,N/A,False,14,0.19
ORD-10249,reliable_rest,2026-03-01 19:52,12.9716,77.5946,12.98457,77.61561,N/A,False,21,0.24
ORD-10250,reliable_rest,2026-03-01 19:53,12.9716,77.5946,13.01044,77.63205,N/A,False,20,0.78
ORD-10251,spice_garden,2026-03-01 19:30,12.9718,77.5948,13.00272,77.61154,N/A,False,15,0.69
ORD-10252,reliable_rest,2026-03-01 19:57,12.9716,77.5946,12.99023,77.60823,N/A,False,17,0.31
ORD-10253,spice_garden,2026-03-01 19:13,12.9718,77.5948,12.97203,77.59486,N/A,True,18,0.74
ORD-10254,reliable_rest,2026-03-01 19:55,12.9716,77.5946,13.00881,77.6113,N/A,False,12,0.24
ORD-10255,spice_garden,2026-03-01 19:27,12.9718,77.5948,12.97136,77.59478,N/A,True,20,0.87
ORD-10256,spice_garden,2026-03-01 19:34,12.9718,77.5948,12.97172,77.59441,N/A,True,24,0.35
ORD-10257,reliable_rest,2026-03-01 19:23,12.9716,77.5946,12.99963,77.63402,N/A,False,14,0.42
ORD-10258,spice_garden,2026-03-01 19:48,12.9718,77.5948,12.97108,77.59408,N/A,True,17,0.57
ORD-10259,reliable_rest,2026-03-01 19:48,12.9716,77.5946,12.99965,77.6234,N/A,False,16,0.27
ORD-10260,reliable_rest,2026-03-01 19:38,12.9716,77.5946,13.00641,77.61279,N/A,False,12,0.28
ORD-10261,reliable_rest,2026-03-01 19:38,12.9716,77.5946,13.00423,77.60711,N/A,False,14,0.43
ORD-10262,spice_garden,2026-03-01 19:19,12.9718,77.5948,12.97263,77.5939,N/A,True,12,0.49
ORD-10263,reliable_rest,2026-03-01 19:39,12.9716,77.5946,13.00911,77.60534,N/A,False,18,0.79
ORD-10264,reliable_rest,2026-03-01 19:17,12.9716,77.5946,13.00715,77.60544,N/A,False,13,0.18
ORD-10265,reliable_rest,2026-03-01 19:11,12.9716,77.5946,13.01055,77.60649,N/A,False,23,0.82
ORD-10266,spice_garden,2026-03-01 19:20,12.9718,77.5948,12.9721,77.59505,N/A,True,14,0.82
ORD-10267,spice_garden,2026-03-01 19:23,12.9718,77.5948,12.97089,77.59526,N/A,True,12,0.87
ORD-10268,reliable_rest,2026-03-01 19:41,12.9716,77.5946,13.00291,77.61815,N/A,False,13,0.14
ORD-10269,spice_garden,2026-03-01 19:55,12.9718,77.5948,12.97222,77.59443,N/A,True,14,0.4
ORD-10270,spice_garden,2026-03-01 19:52,12.9718,77.5948,12.97114,77.59479,N/A,True,20,0.26
ORD-10271,reliable_rest,2026-03-01 19:50,12.9716,77.5946,12.99667,77.61009,N/A,False,12,0.42
ORD-10272,reliable_rest,2026-03-01 19:37,12.9716,77.5946,12.98449,77.63107,N/A,False,12,0.36
ORD-10273,spice_garden,2026-03-01 19:32,12.9718,77.5948,12.97087,77.59527,N/A,True,18,0.33
ORD-10274,spice_garden,2026-03-01 19:50,12.9718,77.5948,12.98884,77.62445,N/A,False,17,0.52
ORD-10275,reliable_rest,2026-03-01 19:51,12.9716,77.5946,12.9707,77.59362,N/A,True,13,0.4
ORD-10276,reliable_rest,2026-03-01 19:59,12.9716,77.5946,12.98476,77.63385,N/A,False,18,0.52
ORD-10277,spice_garden,2026-03-01 19:25,12.9718,77.5948,12.97162,77.59448,N/A,True,21,0.33
ORD-10278,reliable_rest,2026-03-01 19:48,12.9716,77.5946,12.99938,77.63166,N/A,False,13,0.82
ORD-10279,reliable_rest,2026-03-01 19:48,12.9716,77.5946,13.00115,77.60819,N/A,False,12,0.13
ORD-10280,reliable_rest,2026-03-01 19:41,12.9716,77.5946,12.9999,77.60483,N/A,False,22,0.27
ORD-10281,reliable_rest,2026-03-01 19:31,12.9716,77.5946,12.9962,77.62543,N/A,False,25,0.77
ORD-10282,spice_garden,2026-03-01 19:44,12.9718,77.5948,12.97151,77.5954,N/A,True,16,0.58
ORD-10283,spice_garden,2026-03-01 19:40,12.9718,77.5948,12.97153,77.59441,N/A,True,18,0.55
ORD-10284,spice_garden,2026-03-01 19:31,12.9718,77.5948,12.97216,77.59511,N/A,True,23,0.64
ORD-10285,spice_garden,2026-03-01 19:17,12.9718,77.5948,12.97242,77.59543,N/A,True,17,0.75
ORD-10286,spice_garden,2026-03-01 19:53,12.9718,77.5948,12.98812,77.6168,N/A,False,15,0.87
ORD-10287,spice_garden,2026-03-01 19:30,12.9718,77.5948,12.97124,77.59402,N/A,True,15,0.35
ORD-10288,spice_garden,2026-03-01 19:24,12.9718,77.5948,12.97096,77.59381,N/A,True,19,0.53
ORD-10289,spice_garden,2026-03-01 19:52,12.9718,77.5948,12.97143,77.59515,N/A,True,20,0.8
ORD-10290,reliable_rest,2026-03-01 19:57,12.9716,77.5946,12.98696,77.6227,N/A,False,16,0.29
ORD-10291,reliable_rest,2026-03-01 19:10,12.9716,77.5946,12.99424,77.60727,N/A,False,21,0.24
ORD-10292,spice_garden,2026-03-01 19:36,12.9718,77.5948,12.97232,77.59552,N/A,True,19,0.15
ORD-10293,reliable_rest,2026-03-01 19:22,12.9716,77.5946,12.99201,77.60686,N/A,False,19,0.71
ORD-10294,spice_garden,2026-03-01 19:25,12.9718,77.5948,12.97173,77.5954,N/A,True,20,0.29
ORD-10295,reliable_rest,2026-03-01 19:28,12.9716,77.5946,13.00105,77.61292,N/A,False,21,0.67
ORD-10296,reliable_rest,2026-03-01 19:36,12.9716,77.5946,12.9707,77.59535,N/A,True,24,0.7
ORD-10297,reliable_rest,2026-03-01 19:39,12.9716,77.5946,12.99139,77.60894,N/A,False,17,0.27
ORD-10298,reliable_rest,2026-03-01 19:55,12.9716,77.5946,12.98621,77.61338,N/A,False,19,0.22
ORD-10299,reliable_rest,2026-03-01 19:17,12.9716,77.5946,12.98415,77.62886,N/A,False,13,0.14
